<?xml version="1.0" encoding="UTF-8"?>
<project-private xmlns="http://www.netbeans.org/ns/project-private/1">
    <editor-bookmarks xmlns="http://www.netbeans.org/ns/editor-bookmarks/2" lastBookmarkId="0"/>
    <open-files xmlns="http://www.netbeans.org/ns/projectui-open-files/2">
        <group>
            <file>file:/Applications/XAMPP/htdocs/PhpProject2/login.php</file>
            <file>file:/Applications/XAMPP/htdocs/PhpProject2/index.php</file>
            <file>file:/Applications/XAMPP/htdocs/PhpProject2/compensationControl.php</file>
            <file>file:/Applications/XAMPP/htdocs/PhpProject2/batchSearch.php</file>
            <file>file:/Applications/XAMPP/htdocs/PhpProject2/batchControl.php</file>
            <file>file:/Applications/XAMPP/htdocs/PhpProject2/searchresult.php</file>
            <file>file:/Applications/XAMPP/htdocs/PhpProject2/updateStatus.php</file>
        </group>
    </open-files>
</project-private>
